Workbook

Sheet Tabelle1
A1: Template for Sample Info for FLA Service
A3: Just enter your sample info in the 96well plate table below. Please do not fill 'Sample plate overview' directly; it is filled automatically.
A4: Sample name must not exceed 25 characters and not include special characters or blank spaces.
A6: The filling direction is illustrated in the image to the right (start: well A1 to H1, A2 to H2 etc.).
A7: Conveniently print an overview of your plate via the "sample plate overview" excel sheet tab.
A9: If you sent more than one plate just copy this sheet and give the respective plate names in line 13.
A11: Please fill in the weblogin and Name - this helps to process your samples much smoother
A12: Weblogin | B12: mosler@mpiib-berlin.mpg.de | F12: Customer name | G12: Karolina Mosler
A14: Plate 1
B15: mandatory | C15: mandatory | D15: mandatory | E15: optional | F15: optional | G15: optional
A16: Well | B16: Sample name | C16: Fluorescent dyes used | D16: Expected fragment lengths | E16: Size standard used | F16: DNA / PCR product concentration [ng/µL] | G16: Remarks
A17: A1 | B17: 3D7_10K | C17: FAM | D17: FAM 286
A18: B1 | B18: Dd2_10K | C18: FAM | D18: FAM 286
A19: C1 | B19: NTC | C19: FAM | D19: FAM 286
A20: D1 | B20: 8010683 | C20: FAM | D20: FAM 286
A21: E1 | B21: 8034059 | C21: FAM | D21: FAM 286
A22: F1 | B22: 8012421 | C22: FAM | D22: FAM 286
A23: G1 | B23: 8032055 | C23: FAM | D23: FAM 286
A24: H1 | B24: 5053837 | C24: FAM | D24: FAM 286
A25: A2 | B25: 8022279 | C25: FAM | D25: FAM 286
A26: B2 | B26: 1012556 | C26: FAM | D26: FAM 286
A27: C2 | B27: 1046680 | C27: FAM | D27: FAM 286
A28: D2 | B28: 8034050 | C28: FAM | D28: FAM 286
A29: E2 | B29: 8023299 | C29: FAM | D29: FAM 286
A30: F2 | B30: 8034017 | C30: FAM | D30: FAM 286
A31: G2 | B31: 8013498 | C31: FAM | D31: FAM 286
... A109: E12 | B109: 8023348 | C109: FAM | D109: FAM 286
A110: F12 | B110: 3D7_1K | C110: FAM | D110: FAM 286
A111: G12 | B111: Dd2_1K | C111: FAM | D111: FAM 286
A112: H12 | B112: NTC | C112: FAM | D112: FAM 286
A113: Plate 2 | E113: optional | F113: optional | G113: optional
A114: Well | E114: Size standard used | F114: DNA / PCR product concentration [ng/µL] | G114: Remarks
A115: A1
A116: B1
A117: C1
A118: D1
A119: E1
A120: F1
A121: G1
A122: H1
A123: A2
A124: B2
A125: C2
A126: D2
... A210: H12
A211: Plate 3 | C211: mandatory | D211: mandatory | E211: optional | F211: optional | G211: optional
A212: Well | C212: Fluorescent dyes used | D212: Expected fragment lengths | E212: Size standard used | F212: DNA / PCR product concentration [ng/µL] | G212: Remarks
A213: A1
A214: B1
A215: C1
A216: D1
A217: E1
A218: F1
A219: G1
A220: H1
A221: A2
A222: B2
A223: C2
A224: D2
... A308: H12
A309: Plate 4 | C309: mandatory | D309: mandatory | E309: optional | F309: optional | G309: optional
A310: Well | C310: Fluorescent dyes used | D310: Expected fragment lengths | E310: Size standard used | F310: DNA / PCR product concentration [ng/µL] | G310: Remarks
A311: A1
A312: B1
A313: C1
A314: D1
A315: E1
A316: F1
A317: G1
A318: H1
A319: A2
A320: B2
A321: C2
A322: D2
... A406: H12
A407: Plate 5 | C407: mandatory | D407: mandatory | E407: optional | F407: optional | G407: optional
A408: Well | C408: Fluorescent dyes used | D408: Expected fragment lengths | E408: Size standard used | F408: DNA / PCR product concentration [ng/µL] | G408: Remarks
A409: A1
A410: B1
A411: C1
A412: D1
A413: E1
A414: F1
A415: G1
A416: H1
A417: A2
A418: B2
A419: C2
A420: D2
... A504: H12

Sheet !Sample Plate Overview
A1: Sample Plate Overview | M1: C-APGFOR
A4: Date | C4: dd/mm/yyyy
A8: Sample Plate Overview | F8: Plate 1
B10: 1 | C10: 2 | D10: 3 | E10: 4 | F10: 5 | G10: 6 | H10: 7 | I10: 8 | J10: 9 | K10: 10 | L10: 11 | M10: 12
A11: A | B11: =Tabelle1!$B17 -> 3D7_10K | C11: =Tabelle1!$B25 -> 8022279 | D11: =Tabelle1!$B33 -> 8034025 | E11: =Tabelle1!$B41 -> 8021039 | F11: =Tabelle1!$B49 -> 1046689 | G11: =Tabelle1!$B57 -> 8034024 | H11: =Tabelle1!$B65 -> 8033344 | I11: =Tabelle1!$B73 -> 8031772 | J11: =Tabelle1!$B81 -> 8034048 | K11: =Tabelle1!$B89 -> 8032330 | L11: =Tabelle1!$B97 -> 8034003 | M11: =Tabelle1!$B105 -> 8023349
A12: B | B12: =Tabelle1!B18 -> Dd2_10K | C12: =Tabelle1!$B26 -> 1012556 | D12: =Tabelle1!$B34 -> 8034028 | E12: =Tabelle1!$B42 -> 8034002 | F12: =Tabelle1!$B50 -> 8033415 | G12: =Tabelle1!$B58 -> 8032579 | H12: =Tabelle1!$B66 -> 8033369 | I12: =Tabelle1!$B74 -> 8032032 | J12: =Tabelle1!$B82 -> 8034052 | K12: =Tabelle1!$B90 -> 8032277 | L12: =Tabelle1!$B98 -> 8032526 | M12: =Tabelle1!$B106 -> 8023337
A13: C | B13: =Tabelle1!B19 -> NTC | C13: =Tabelle1!$B27 -> 1046680 | D13: =Tabelle1!$B35 -> 8023430 | E13: =Tabelle1!$B43 -> 8032343 | F13: =Tabelle1!$B51 -> 1046678 | G13: =Tabelle1!$B59 -> 8032589 | H13: =Tabelle1!$B67 -> 8033385 | I13: =Tabelle1!$B75 -> 8032013 | J13: =Tabelle1!$B83 -> 8034049 | K13: =Tabelle1!$B91 -> 8034006 | L13: =Tabelle1!$B99 -> 8032558 | M13: =Tabelle1!$B107 -> 8023345
A14: D | B14: =Tabelle1!B20 -> 8010683 | C14: =Tabelle1!$B28 -> 8034050 | D14: =Tabelle1!$B36 -> 8021935 | E14: =Tabelle1!$B44 -> 8021930 | F14: =Tabelle1!$B52 -> 1046675 | G14: =Tabelle1!$B60 -> 8031765 | H14: =Tabelle1!$B68 -> 8010843 | I14: =Tabelle1!$B76 -> 8034045 | J14: =Tabelle1!$B84 -> 8032335 | K14: =Tabelle1!$B92 -> 8034009 | L14: =Tabelle1!$B100 -> 8032527 | M14: =Tabelle1!$B108 -> 1012521
A15: E | B15: =Tabelle1!B21 -> 8034059 | C15: =Tabelle1!$B29 -> 8023299 | D15: =Tabelle1!$B37 -> 8023320 | E15: =Tabelle1!$B45 -> 8034031 | F15: =Tabelle1!$B53 -> 1046718 | G15: =Tabelle1!$B61 -> 8032583 | H15: =Tabelle1!$B69 -> 8013681 | I15: =Tabelle1!$B77 -> 8034044 | J15: =Tabelle1!$B85 -> 8032294 | K15: =Tabelle1!$B93 -> 8034000 | L15: =Tabelle1!$B101 -> 8032541 | M15: =Tabelle1!$B109 -> 8023348
A16: F | B16: =Tabelle1!B22 -> 8012421 | C16: =Tabelle1!$B30 -> 8034017 | D16: =Tabelle1!$B38 -> 8034030 | E16: =Tabelle1!$B46 -> 8034036 | F16: =Tabelle1!$B54 -> 1046728 | G16: =Tabelle1!$B62 -> 8031512 | H16: =Tabelle1!$B70 -> 8034014 | I16: =Tabelle1!$B78 -> 8034039 | J16: =Tabelle1!$B86 -> 8032319 | K16: =Tabelle1!$B94 -> 8034004 | L16: =Tabelle1!$B102 -> 8021934 | M16: =Tabelle1!$B110 -> 3D7_1K
A17: G | B17: =Tabelle1!B23 -> 8032055 | C17: =Tabelle1!$B31 -> 8013498 | D17: =Tabelle1!$B39 -> 8019456 | E17: =Tabelle1!$B47 -> 5053742 | F17: =Tabelle1!$B55 -> 1046677 | G17: =Tabelle1!$B63 -> 8013676 | H17: =Tabelle1!$B71 -> 8034015 | I17: =Tabelle1!$B79 -> 8034042 | J17: =Tabelle1!$B87 -> 8032348 | K17: =Tabelle1!$B95 -> 8034007 | L17: =Tabelle1!$B103 -> 8021932 | M17: =Tabelle1!$B111 -> Dd2_1K
A18: H | B18: =Tabelle1!B24 -> 5053837 | C18: =Tabelle1!$B32 -> 1012426 | D18: =Tabelle1!$B40 -> 8031773 | E18: =Tabelle1!$B48 -> 8031271 | F18: =Tabelle1!$B56 -> 8034026 | G18: =Tabelle1!$B64 -> 8033342 | H18: =Tabelle1!$B72 -> 8031811 | I18: =Tabelle1!$B80 -> 8034040 | J18: =Tabelle1!$B88 -> 8032265 | K18: =Tabelle1!$B96 -> 8034008 | L18: =Tabelle1!$B104 -> 8023334 | M18: =Tabelle1!$B112 -> NTC
A21: Sample Plate Overview | F21: Plate 2
B23: 1 | C23: 2 | D23: 3 | E23: 4 | F23: 5 | G23: 6 | H23: 7 | I23: 8 | J23: 9 | K23: 10 | L23: 11 | M23: 12
A24: A | B24: =Tabelle1!B115 -> 0 | C24: =Tabelle1!B123 -> 0 | D24: =Tabelle1!B131 -> 0 | E24: =Tabelle1!B139 -> 0 | F24: =Tabelle1!B147 -> 0 | G24: =Tabelle1!B155 -> 0 | H24: =Tabelle1!B163 -> 0 | I24: =Tabelle1!B171 -> 0 | J24: =Tabelle1!B179 -> 0 | K24: =Tabelle1!B187 -> 0 | L24: =Tabelle1!B195 -> 0 | M24: =Tabelle1!B203 -> 0
A25: B | B25: =Tabelle1!B116 -> 0 | C25: =Tabelle1!B124 -> 0 | D25: =Tabelle1!B132 -> 0 | E25: =Tabelle1!B140 -> 0 | F25: =Tabelle1!B148 -> 0 | G25: =Tabelle1!B156 -> 0 | H25: =Tabelle1!B164 -> 0 | I25: =Tabelle1!B172 -> 0 | J25: =Tabelle1!B180 -> 0 | K25: =Tabelle1!B188 -> 0 | L25: =Tabelle1!B196 -> 0 | M25: =Tabelle1!B204 -> 0
A26: C | B26: =Tabelle1!B117 -> 0 | C26: =Tabelle1!B125 -> 0 | D26: =Tabelle1!B133 -> 0 | E26: =Tabelle1!B141 -> 0 | F26: =Tabelle1!B149 -> 0 | G26: =Tabelle1!B157 -> 0 | H26: =Tabelle1!B165 -> 0 | I26: =Tabelle1!B173 -> 0 | J26: =Tabelle1!B181 -> 0 | K26: =Tabelle1!B189 -> 0 | L26: =Tabelle1!B197 -> 0 | M26: =Tabelle1!B205 -> 0
A27: D | B27: =Tabelle1!B118 -> 0 | C27: =Tabelle1!B126 -> 0 | D27: =Tabelle1!B134 -> 0 | E27: =Tabelle1!B142 -> 0 | F27: =Tabelle1!B150 -> 0 | G27: =Tabelle1!B158 -> 0 | H27: =Tabelle1!B166 -> 0 | I27: =Tabelle1!B174 -> 0 | J27: =Tabelle1!B182 -> 0 | K27: =Tabelle1!B190 -> 0 | L27: =Tabelle1!B198 -> 0 | M27: =Tabelle1!B206 -> 0
A28: E | B28: =Tabelle1!B119 -> 0 | C28: =Tabelle1!B127 -> 0 | D28: =Tabelle1!B135 -> 0 | E28: =Tabelle1!B143 -> 0 | F28: =Tabelle1!B151 -> 0 | G28: =Tabelle1!B159 -> 0 | H28: =Tabelle1!B167 -> 0 | I28: =Tabelle1!B175 -> 0 | J28: =Tabelle1!B183 -> 0 | K28: =Tabelle1!B191 -> 0 | L28: =Tabelle1!B199 -> 0 | M28: =Tabelle1!B207 -> 0
A29: F | B29: =Tabelle1!B120 -> 0 | C29: =Tabelle1!B128 -> 0 | D29: =Tabelle1!B136 -> 0 | E29: =Tabelle1!B144 -> 0 | F29: =Tabelle1!B152 -> 0 | G29: =Tabelle1!B160 -> 0 | H29: =Tabelle1!B168 -> 0 | I29: =Tabelle1!B176 -> 0 | J29: =Tabelle1!B184 -> 0 | K29: =Tabelle1!B192 -> 0 | L29: =Tabelle1!B200 -> 0 | M29: =Tabelle1!B208 -> 0
A30: G | B30: =Tabelle1!B121 -> 0 | C30: =Tabelle1!B129 -> 0 | D30: =Tabelle1!B137 -> 0 | E30: =Tabelle1!B145 -> 0 | F30: =Tabelle1!B153 -> 0 | G30: =Tabelle1!B161 -> 0 | H30: =Tabelle1!B169 -> 0 | I30: =Tabelle1!B177 -> 0 | J30: =Tabelle1!B185 -> 0 | K30: =Tabelle1!B193 -> 0 | L30: =Tabelle1!B201 -> 0 | M30: =Tabelle1!B209 -> 0
A31: H | B31: =Tabelle1!B122 -> 0 | C31: =Tabelle1!B130 -> 0 | D31: =Tabelle1!B138 -> 0 | E31: =Tabelle1!B146 -> 0 | F31: =Tabelle1!B154 -> 0 | G31: =Tabelle1!B162 -> 0 | H31: =Tabelle1!B170 -> 0 | I31: =Tabelle1!B178 -> 0 | J31: =Tabelle1!B186 -> 0 | K31: =Tabelle1!B194 -> 0 | L31: =Tabelle1!B202 -> 0 | M31: =Tabelle1!B210 -> 0
A34: Sample Plate Overview | F34: Plate 3
B36: 1 | C36: 2 | D36: 3 | E36: 4 | F36: 5 | G36: 6 | H36: 7 | I36: 8 | J36: 9 | K36: 10 | L36: 11 | M36: 12
A37: A | B37: =Tabelle1!$B213 -> 0 | C37: =Tabelle1!$B221 -> 0 | D37: =Tabelle1!$B2229 -> 0 | E37: =Tabelle1!$B237 -> 0 | F37: =Tabelle1!$B245 -> 0 | G37: =Tabelle1!$B253 -> 0 | H37: =Tabelle1!$B261 -> 0 | I37: =Tabelle1!$B269 -> 0 | J37: =Tabelle1!$B277 -> 0 | K37: =Tabelle1!$B285 -> 0 | L37: =Tabelle1!$B293 -> 0 | M37: =Tabelle1!$B301 -> 0
A38: B | B38: =Tabelle1!$B214 -> 0 | C38: =Tabelle1!$B222 -> 0 | D38: =Tabelle1!$B2230 -> 0 | E38: =Tabelle1!$B238 -> 0 | F38: =Tabelle1!$B246 -> 0 | G38: =Tabelle1!$B254 -> 0 | H38: =Tabelle1!$B262 -> 0 | I38: =Tabelle1!$B270 -> 0 | J38: =Tabelle1!$B278 -> 0 | K38: =Tabelle1!$B286 -> 0 | L38: =Tabelle1!$B294 -> 0 | M38: =Tabelle1!$B302 -> 0
A39: C | B39: =Tabelle1!$B215 -> 0 | C39: =Tabelle1!$B223 -> 0 | D39: =Tabelle1!$B2231 -> 0 | E39: =Tabelle1!$B239 -> 0 | F39: =Tabelle1!$B247 -> 0 | G39: =Tabelle1!$B255 -> 0 | H39: =Tabelle1!$B263 -> 0 | I39: =Tabelle1!$B271 -> 0 | J39: =Tabelle1!$B279 -> 0 | K39: =Tabelle1!$B287 -> 0 | L39: =Tabelle1!$B295 -> 0 | M39: =Tabelle1!$B303 -> 0
A40: D | B40: =Tabelle1!$B216 -> 0 | C40: =Tabelle1!$B224 -> 0 | D40: =Tabelle1!$B2232 -> 0 | E40: =Tabelle1!$B240 -> 0 | F40: =Tabelle1!$B248 -> 0 | G40: =Tabelle1!$B256 -> 0 | H40: =Tabelle1!$B264 -> 0 | I40: =Tabelle1!$B272 -> 0 | J40: =Tabelle1!$B280 -> 0 | K40: =Tabelle1!$B288 -> 0 | L40: =Tabelle1!$B296 -> 0 | M40: =Tabelle1!$B304 -> 0
A41: E | B41: =Tabelle1!$B217 -> 0 | C41: =Tabelle1!$B225 -> 0 | D41: =Tabelle1!$B2233 -> 0 | E41: =Tabelle1!$B241 -> 0 | F41: =Tabelle1!$B249 -> 0 | G41: =Tabelle1!$B257 -> 0 | H41: =Tabelle1!$B265 -> 0 | I41: =Tabelle1!$B273 -> 0 | J41: =Tabelle1!$B281 -> 0 | K41: =Tabelle1!$B289 -> 0 | L41: =Tabelle1!$B297 -> 0 | M41: =Tabelle1!$B305 -> 0
A42: F | B42: =Tabelle1!$B218 -> 0 | C42: =Tabelle1!$B226 -> 0 | D42: =Tabelle1!$B2234 -> 0 | E42: =Tabelle1!$B242 -> 0 | F42: =Tabelle1!$B250 -> 0 | G42: =Tabelle1!$B258 -> 0 | H42: =Tabelle1!$B266 -> 0 | I42: =Tabelle1!$B274 -> 0 | J42: =Tabelle1!$B282 -> 0 | K42: =Tabelle1!$B290 -> 0 | L42: =Tabelle1!$B298 -> 0 | M42: =Tabelle1!$B306 -> 0
A43: G | B43: =Tabelle1!$B219 -> 0 | C43: =Tabelle1!$B227 -> 0 | D43: =Tabelle1!$B2235 -> 0 | E43: =Tabelle1!$B243 -> 0 | F43: =Tabelle1!$B251 -> 0 | G43: =Tabelle1!$B259 -> 0 | H43: =Tabelle1!$B267 -> 0 | I43: =Tabelle1!$B275 -> 0 | J43: =Tabelle1!$B283 -> 0 | K43: =Tabelle1!$B291 -> 0 | L43: =Tabelle1!$B299 -> 0 | M43: =Tabelle1!$B307 -> 0
A44: H | B44: =Tabelle1!$B220 -> 0 | C44: =Tabelle1!$B228 -> 0 | D44: =Tabelle1!$B2236 -> 0 | E44: =Tabelle1!$B244 -> 0 | F44: =Tabelle1!$B252 -> 0 | G44: =Tabelle1!$B260 -> 0 | H44: =Tabelle1!$B268 -> 0 | I44: =Tabelle1!$B276 -> 0 | J44: =Tabelle1!$B284 -> 0 | K44: =Tabelle1!$B292 -> 0 | L44: =Tabelle1!$B300 -> 0 | M44: =Tabelle1!$B308 -> 0
A47: Sample Plate Overview | F47: Plate 4
B49: 1 | C49: 2 | D49: 3 | E49: 4 | F49: 5 | G49: 6 | H49: 7 | I49: 8 | J49: 9 | K49: 10 | L49: 11 | M49: 12
A50: A | B50: =Tabelle1!$B311 -> 0 | C50: =Tabelle1!$B319 -> 0 | D50: =Tabelle1!$B327 -> 0 | E50: =Tabelle1!$B335 -> 0 | F50: =Tabelle1!$B343 -> 0 | G50: =Tabelle1!$B351 -> 0 | H50: =Tabelle1!$B359 -> 0 | I50: =Tabelle1!$B367 -> 0 | J50: =Tabelle1!$B375 -> 0 | K50: =Tabelle1!$B383 -> 0 | L50: =Tabelle1!$B391 -> 0 | M50: =Tabelle1!$B399 -> 0
A51: B | B51: =Tabelle1!$B312 -> 0 | C51: =Tabelle1!$B320 -> 0 | D51: =Tabelle1!$B328 -> 0 | E51: =Tabelle1!$B336 -> 0 | F51: =Tabelle1!$B344 -> 0 | G51: =Tabelle1!$B352 -> 0 | H51: =Tabelle1!$B360 -> 0 | I51: =Tabelle1!$B368 -> 0 | J51: =Tabelle1!$B376 -> 0 | K51: =Tabelle1!$B384 -> 0 | L51: =Tabelle1!$B392 -> 0 | M51: =Tabelle1!$B400 -> 0
A52: C | B52: =Tabelle1!$B313 -> 0 | C52: =Tabelle1!$B321 -> 0 | D52: =Tabelle1!$B329 -> 0 | E52: =Tabelle1!$B337 -> 0 | F52: =Tabelle1!$B345 -> 0 | G52: =Tabelle1!$B353 -> 0 | H52: =Tabelle1!$B361 -> 0 | I52: =Tabelle1!$B369 -> 0 | J52: =Tabelle1!$B377 -> 0 | K52: =Tabelle1!$B385 -> 0 | L52: =Tabelle1!$B393 -> 0 | M52: =Tabelle1!$B401 -> 0
A53: D | B53: =Tabelle1!$B314 -> 0 | C53: =Tabelle1!$B322 -> 0 | D53: =Tabelle1!$B330 -> 0 | E53: =Tabelle1!$B338 -> 0 | F53: =Tabelle1!$B346 -> 0 | G53: =Tabelle1!$B354 -> 0 | H53: =Tabelle1!$B362 -> 0 | I53: =Tabelle1!$B370 -> 0 | J53: =Tabelle1!$B378 -> 0 | K53: =Tabelle1!$B386 -> 0 | L53: =Tabelle1!$B394 -> 0 | M53: =Tabelle1!$B402 -> 0
A54: E | B54: =Tabelle1!$B315 -> 0 | C54: =Tabelle1!$B323 -> 0 | D54: =Tabelle1!$B331 -> 0 | E54: =Tabelle1!$B339 -> 0 | F54: =Tabelle1!$B347 -> 0 | G54: =Tabelle1!$B355 -> 0 | H54: =Tabelle1!$B363 -> 0 | I54: =Tabelle1!$B371 -> 0 | J54: =Tabelle1!$B379 -> 0 | K54: =Tabelle1!$B387 -> 0 | L54: =Tabelle1!$B395 -> 0 | M54: =Tabelle1!$B403 -> 0
A55: F | B55: =Tabelle1!$B316 -> 0 | C55: =Tabelle1!$B324 -> 0 | D55: =Tabelle1!$B332 -> 0 | E55: =Tabelle1!$B340 -> 0 | F55: =Tabelle1!$B348 -> 0 | G55: =Tabelle1!$B356 -> 0 | H55: =Tabelle1!$B364 -> 0 | I55: =Tabelle1!$B372 -> 0 | J55: =Tabelle1!$B380 -> 0 | K55: =Tabelle1!$B388 -> 0 | L55: =Tabelle1!$B396 -> 0 | M55: =Tabelle1!$B404 -> 0
A56: G | B56: =Tabelle1!$B317 -> 0 | C56: =Tabelle1!$B325 -> 0 | D56: =Tabelle1!$B333 -> 0 | E56: =Tabelle1!$B341 -> 0 | F56: =Tabelle1!$B349 -> 0 | G56: =Tabelle1!$B357 -> 0 | H56: =Tabelle1!$B365 -> 0 | I56: =Tabelle1!$B373 -> 0 | J56: =Tabelle1!$B381 -> 0 | K56: =Tabelle1!$B389 -> 0 | L56: =Tabelle1!$B397 -> 0 | M56: =Tabelle1!$B405 -> 0
A57: H | B57: =Tabelle1!$B318 -> 0 | C57: =Tabelle1!$B326 -> 0 | D57: =Tabelle1!$B334 -> 0 | E57: =Tabelle1!$B342 -> 0 | F57: =Tabelle1!$B350 -> 0 | G57: =Tabelle1!$B358 -> 0 | H57: =Tabelle1!$B366 -> 0 | I57: =Tabelle1!$B374 -> 0 | J57: =Tabelle1!$B382 -> 0 | K57: =Tabelle1!$B390 -> 0 | L57: =Tabelle1!$B398 -> 0 | M57: =Tabelle1!$B406 -> 0
A60: Sample Plate Overview | F60: Plate 5
B62: 1 | C62: 2 | D62: 3 | E62: 4 | F62: 5 | G62: 6 | H62: 7 | I62: 8 | J62: 9 | K62: 10 | L62: 11 | M62: 12
A63: A | B63: =Tabelle1!$B409 -> 0 | C63: =Tabelle1!$B417 -> 0 | D63: =Tabelle1!$B425 -> 0 | E63: =Tabelle1!$B433 -> 0 | F63: =Tabelle1!$B441 -> 0 | G63: =Tabelle1!$B449 -> 0 | H63: =Tabelle1!$B457 -> 0 | I63: =Tabelle1!$B465 -> 0 | J63: =Tabelle1!$B473 -> 0 | K63: =Tabelle1!$B481 -> 0 | L63: =Tabelle1!$B489 -> 0 | M63: =Tabelle1!$B497 -> 0
A64: B | B64: =Tabelle1!$B410 -> 0 | C64: =Tabelle1!$B418 -> 0 | D64: =Tabelle1!$B426 -> 0 | E64: =Tabelle1!$B434 -> 0 | F64: =Tabelle1!$B442 -> 0 | G64: =Tabelle1!$B450 -> 0 | H64: =Tabelle1!$B458 -> 0 | I64: =Tabelle1!$B466 -> 0 | J64: =Tabelle1!$B474 -> 0 | K64: =Tabelle1!$B482 -> 0 | L64: =Tabelle1!$B490 -> 0 | M64: =Tabelle1!$B498 -> 0
A65: C | B65: =Tabelle1!$B411 -> 0 | C65: =Tabelle1!$B419 -> 0 | D65: =Tabelle1!$B427 -> 0 | E65: =Tabelle1!$B435 -> 0 | F65: =Tabelle1!$B443 -> 0 | G65: =Tabelle1!$B451 -> 0 | H65: =Tabelle1!$B459 -> 0 | I65: =Tabelle1!$B467 -> 0 | J65: =Tabelle1!$B475 -> 0 | K65: =Tabelle1!$B483 -> 0 | L65: =Tabelle1!$B491 -> 0 | M65: =Tabelle1!$B499 -> 0
A66: D | B66: =Tabelle1!$B412 -> 0 | C66: =Tabelle1!$B420 -> 0 | D66: =Tabelle1!$B428 -> 0 | E66: =Tabelle1!$B436 -> 0 | F66: =Tabelle1!$B444 -> 0 | G66: =Tabelle1!$B452 -> 0 | H66: =Tabelle1!$B460 -> 0 | I66: =Tabelle1!$B468 -> 0 | J66: =Tabelle1!$B476 -> 0 | K66: =Tabelle1!$B484 -> 0 | L66: =Tabelle1!$B492 -> 0 | M66: =Tabelle1!$B500 -> 0
A67: E | B67: =Tabelle1!$B413 -> 0 | C67: =Tabelle1!$B421 -> 0 | D67: =Tabelle1!$B429 -> 0 | E67: =Tabelle1!$B437 -> 0 | F67: =Tabelle1!$B445 -> 0 | G67: =Tabelle1!$B453 -> 0 | H67: =Tabelle1!$B461 -> 0 | I67: =Tabelle1!$B469 -> 0 | J67: =Tabelle1!$B477 -> 0 | K67: =Tabelle1!$B485 -> 0 | L67: =Tabelle1!$B493 -> 0 | M67: =Tabelle1!$B501 -> 0
A68: F | B68: =Tabelle1!$B414 -> 0 | C68: =Tabelle1!$B422 -> 0 | D68: =Tabelle1!$B430 -> 0 | E68: =Tabelle1!$B438 -> 0 | F68: =Tabelle1!$B446 -> 0 | G68: =Tabelle1!$B454 -> 0 | H68: =Tabelle1!$B462 -> 0 | I68: =Tabelle1!$B470 -> 0 | J68: =Tabelle1!$B478 -> 0 | K68: =Tabelle1!$B486 -> 0 | L68: =Tabelle1!$B494 -> 0 | M68: =Tabelle1!$B502 -> 0
A69: G | B69: =Tabelle1!$B415 -> 0 | C69: =Tabelle1!$B423 -> 0 | D69: =Tabelle1!$B431 -> 0 | E69: =Tabelle1!$B439 -> 0 | F69: =Tabelle1!$B447 -> 0 | G69: =Tabelle1!$B455 -> 0 | H69: =Tabelle1!$B463 -> 0 | I69: =Tabelle1!$B471 -> 0 | J69: =Tabelle1!$B479 -> 0 | K69: =Tabelle1!$B487 -> 0 | L69: =Tabelle1!$B495 -> 0 | M69: =Tabelle1!$B503 -> 0
A70: H | B70: =Tabelle1!$B416 -> 0 | C70: =Tabelle1!$B424 -> 0 | D70: =Tabelle1!$B432 -> 0 | E70: =Tabelle1!$B440 -> 0 | F70: =Tabelle1!$B448 -> 0 | G70: =Tabelle1!$B456 -> 0 | H70: =Tabelle1!$B464 -> 0 | I70: =Tabelle1!$B472 -> 0 | J70: =Tabelle1!$B480 -> 0 | K70: =Tabelle1!$B488 -> 0 | L70: =Tabelle1!$B496 -> 0 | M70: =Tabelle1!$B504 -> 0
